*Akash007*Akash@1234
*clear*ss
Akash007*akash007@gmail.com*Aks@123
suva*suva@gmail.com*suva@1234
suva*suva@gmail.com*suva@12345
bunny*bunny@gmail.com*bunny@12345
ni*ani@gmail.com*ani@1234
iva*liva@gmail.com*liva@1122
ili*lili@gmail.com*lili@1122
imi*mimi@gmail.com*mimi@1234
